{
  "MedInc": 0.4634919648235096,
  "HouseAge": 0.04663987009601154,
  "AveRooms": 0.02717779317382863,
  "AveBedrms": 0.02157353314280714,
  "Population": 0.025037715252108184,
  "AveOccup": 0.13509023285935992,
  "Latitude": 0.11793962324539535,
  "Longitude": 0.13099557501379255,
  "BedroomsPerRoom": 0.031764005893451575,
  "IncomeCategory_Encoded": 0.000289686499735533
}