{
  "model_name": "Tuned Random Forest",
  "metrics": {
    "rmse_train": 0.22181468911564145,
    "rmse_test": 0.4110140070326835,
    "mae_train": 0.1555151830467631,
    "mae_test": 0.2794933084779244,
    "r2_train": 0.9419081681795274,
    "r2_test": 0.7829129434105562
  },
  "timestamp": "2026-06-08T11:24:17.526356"
}