{
  "MedInc": 0.5211274090866903,
  "HouseAge": 0.051765601657118104,
  "AveRooms": 0.024662210604569287,
  "AveBedrms": 0.02168800073940482,
  "Population": 0.01625586741384092,
  "AveOccup": 0.12677165784242797,
  "Latitude": 0.08282454668874692,
  "Longitude": 0.08276556127351245,
  "RoomsPerHousehold": 0.025411745107398024,
  "BedroomsPerRoom": 0.028751722418633628,
  "PopulationPerHousehold": 0.017975677167657567
}