{
  "model_name": "Random Forest",
  "metrics": {
    "rmse_train": 0.18927326158958796,
    "rmse_test": 0.5060306398558578,
    "mae_train": 0.12288017484253916,
    "mae_test": 0.3298978868701552,
    "r2_train": 0.9732009639020031,
    "r2_test": 0.8045900076045918
  },
  "timestamp": "2026-06-01T14:31:49.731849"
}