{
  "model_name": "Linear Regression",
  "metrics": {
    "rmse_train": 0.5877681137440496,
    "rmse_test": 0.5785878150927466,
    "mae_train": 0.44424695873711106,
    "mae_test": 0.43855157266023576,
    "r2_train": 0.5921067581597843,
    "r2_test": 0.5698110490400768
  },
  "timestamp": "2026-06-08T10:57:22.331107"
}