{
  "model_name": "Tuned Gradient Boosting",
  "metrics": {
    "rmse_train": 0.28251519608907333,
    "rmse_test": 0.3691193022873027,
    "mae_train": 0.2034216160386476,
    "mae_test": 0.2573594128510014,
    "r2_train": 0.9057637292061239,
    "r2_test": 0.8249128805653921
  },
  "timestamp": "2026-06-08T16:30:57.354274"
}