{
  "model_name": "Ridge Regression",
  "metrics": {
    "rmse_train": 0.6694882860084823,
    "rmse_test": 0.6738201776284443,
    "mae_train": 0.48281702980526897,
    "mae_test": 0.48743551550801917,
    "r2_train": 0.6647053631263258,
    "r2_test": 0.6535176121971285
  },
  "timestamp": "2026-06-01T14:30:41.124448"
}