{
  "MedInc": 0.4459430868940399,
  "HouseAge": 0.0490252634714088,
  "AveRooms": 0.03042215770419492,
  "AveBedrms": 0.0258268687193099,
  "Population": 0.02950493143037904,
  "AveOccup": 0.13415662295283481,
  "Latitude": 0.11888051684410852,
  "Longitude": 0.13066067596616274,
  "BedroomsPerRoom": 0.03508263425564171,
  "IncomeCategory_Encoded": 0.0004972417619196937
}