{
  "model_name": "Lasso Regression",
  "metrics": {
    "rmse_train": 0.5922270577776149,
    "rmse_test": 0.5800958425034546,
    "mae_train": 0.4468635970697895,
    "mae_test": 0.4394436977910202,
    "r2_train": 0.5858945397358406,
    "r2_test": 0.5675656434355238
  },
  "timestamp": "2026-06-08T10:57:30.506815"
}