{
  "model_name": "Lasso Regression",
  "metrics": {
    "rmse_train": 0.6734035460233139,
    "rmse_test": 0.6791951458676085,
    "mae_train": 0.4856446638377693,
    "mae_test": 0.4903472830528476,
    "r2_train": 0.6607721970649492,
    "r2_test": 0.6479678834394267
  },
  "timestamp": "2026-06-01T14:30:44.686776"
}