{
  "model_name": "Random Forest",
  "metrics": {
    "rmse_train": 0.15560430725369048,
    "rmse_test": 0.40744815684768204,
    "mae_train": 0.1044206356740624,
    "mae_test": 0.27581508,
    "r2_train": 0.9714124001417338,
    "r2_test": 0.7866633848229546
  },
  "timestamp": "2026-06-08T10:58:36.431521"
}