{
  "MedInc": 0.4772511444300949,
  "HouseAge": 0.039788265908457035,
  "AveRooms": 0.01587832665727798,
  "AveBedrms": 0.011325167694926181,
  "Population": 0.013633008360674697,
  "AveOccup": 0.12710853506198977,
  "Latitude": 0.1376820147656964,
  "Longitude": 0.14949433008190435,
  "BedroomsPerRoom": 0.027786995487991625,
  "IncomeCategory_Encoded": 5.221155098707885e-05
}