{
  "MedInc": 0.5317780940605302,
  "HouseAge": 0.02481655101009819,
  "AveRooms": 0.008178872912727429,
  "AveBedrms": 0.004228411470208682,
  "Population": 0.0016599164372002328,
  "AveOccup": 0.12082052092535531,
  "Latitude": 0.13813202333673524,
  "Longitude": 0.15105243878883348,
  "BedroomsPerRoom": 0.01933317105831114,
  "IncomeCategory_Encoded": 0.0
}