{
  "model_name": "Linear Regression",
  "metrics": {
    "rmse_train": 0.669488220063004,
    "rmse_test": 0.6738172773395145,
    "mae_train": 0.48282270872100136,
    "mae_test": 0.4874393311225852,
    "r2_train": 0.6647054291802497,
    "r2_test": 0.6535205948827303
  },
  "timestamp": "2026-06-01T14:30:37.499897"
}