{
  "model_name": "Gradient Boosting",
  "metrics": {
    "rmse_train": 0.43842972156136006,
    "rmse_test": 0.43004547268778437,
    "mae_train": 0.31457388467566216,
    "mae_test": 0.31312188952539194,
    "r2_train": 0.7730477769297386,
    "r2_test": 0.7623436377961068
  },
  "timestamp": "2026-06-07T22:16:53.672391"
}