{
  "model_name": "Ridge Regression",
  "metrics": {
    "rmse_train": 0.5877681950925889,
    "rmse_test": 0.5785727226817842,
    "mae_train": 0.4442442831352497,
    "mae_test": 0.438539660141137,
    "r2_train": 0.5921066452529391,
    "r2_test": 0.5698334916273238
  },
  "timestamp": "2026-06-07T22:15:26.436730"
}